Unnamed: 0,Features,XGBoost_Importance,LightGBM_Importance,CatBoost_Importance,Total_Importance,IC mean,IC std,IR,t_value,p,IC Skew,IC kurtosis,Alpha_index,IC mean abs,topsis_score
1,alpha002,1.5145442,1.9433250287283328,-0.1192988593766389,1.1128568059775423,0.0390789519734272,0.5771408932483922,0.0677112858066155,9.43279212661509,4.430609196700639e-21,-0.0795945113217662,-1.278429988037377,alpha002,0.0390789519734272,0.6224802396955597
90,alpha165,0.94430757,2.459197142697477,4.408880046757554,2.604128251714706,0.0121522391212398,0.6561723351494042,0.0185198894715255,2.579987449828053,0.0098876724608253,-0.025395002234888,-1.5068509223457691,alpha165,0.0121522391212398,0.5979722016896857
99,alpha183,0.75138015,2.595751525806957,2.381411420112626,1.909514363823119,0.0158946972533004,0.6578010792248942,0.0241633797135596,3.366176482978659,0.0007636577588052,-0.0399581938547901,-1.5036496870183944,alpha183,0.0158946972533004,0.5689115901931421
109,alpha096,0.89928424,1.1088260208370702,1.4732502314068696,1.1604534986092063,0.0245180499086195,0.6587383929992822,0.0372197068960671,5.185040484489528,2.181352041487489e-07,-0.0615812847528708,-1.4772097522518148,alpha096,0.0245180499086195,0.5332978829177146
89,alpha164,0.75999594,1.3212439501184825,6.2004865923807815,2.760575493282225,0.0029574774012132,0.5195793634661859,0.0056920609423043,0.792955369273702,0.4278135203198192,0.0044018487815031,-1.1243924811772956,alpha164,0.0029574774012132,0.527887603487074
120,alpha049,0.8436372,2.2012610857129054,2.8814285361820158,1.9754422833023355,-0.0212695924302074,0.6450006184443452,-0.0329760806764912,-4.593865121099798,4.378462596021926e-06,0.0497765489276041,-1.450749444219128,alpha049,0.0212695924302074,0.5084245382843636
111,alpha191,-0.23181292,-0.2870632287264968,-0.4561403279300617,-0.3250054936010702,0.0457829928128553,0.5992862541824302,0.0763958667386995,10.642632490200524,2.2313973165435844e-26,-0.0965279886146353,-1.3410716032543748,alpha191,0.0457829928128553,0.5011997656273517
10,alpha013,0.65663785,-0.0442998809763112,0.3550606418785514,0.3224662027752645,0.0331929883986976,0.5435547183465744,0.0610665077099625,8.507114674672623,1.9108307441092912e-17,-0.0712123206683862,-1.2033923252947167,alpha013,0.0331929883986976,0.5007170158730082
125,alpha052,1.7278906,0.6839901622742454,1.089441763600712,1.1671075121899477,0.0172953471446194,0.6498920748938688,0.0266126451033333,3.70738121730659,0.0002099962700269,-0.0397039336451291,-1.4444663857614672,alpha052,0.0172953471446194,0.4899083674815168
78,alpha146,2.6549966,1.2453804039465497,1.7729454002437683,1.8911074792399936,0.0019765117318696,0.6165967404507574,0.0032055176458194,0.4465574867027155,0.6551995799729198,-0.0022674558751925,-1.3930348496620522,alpha146,0.0019765117318696,0.4847994836069615
29,alpha054,-0.95042413,0.8205445453837248,-0.4561403279300617,-0.1953399724258765,0.0354142029486623,0.5832698546080457,0.0607166694264707,8.45837905007481,2.900831017685312e-17,-0.0633885204667184,-1.3650787994322948,alpha054,0.0354142029486623,0.47421570512446093
25,alpha044,1.0734619,2.2771246318848384,1.5492652024644396,1.6332839081899737,0.0011384150860722,0.5975527422308841,0.0019051290465544,0.2654016395708188,0.7907028923453732,0.0005098971376675,-1.3291005419026882,alpha044,0.0011384150860722,0.46619049059828277
58,alpha111,0.9015,-0.8636261796331876,0.9750822800763762,0.3376520290305827,0.0258586784663223,0.4859099831705753,0.0532170141835609,7.413609510035531,1.279547630554723e-13,-0.0538309316664947,-0.9996492299360796,alpha111,0.0258586784663223,0.45424582636502375
103,alpha188,1.133537,1.564007297868668,0.3266420325842089,1.008062128171589,0.0099093282238826,0.5951887847431121,0.0166490506506429,2.3193627476153558,0.0203857033400959,-0.0139016554740919,-1.3353651991587598,alpha188,0.0099093282238826,0.4516448662869801
64,alpha120,-1.0004201,1.0633078931339104,-0.4561403279300617,-0.1310841761108427,0.0284700744126495,0.5534876892490311,0.0514375928600644,7.165720088792682,8.015226951127385e-13,-0.0551771290801526,-1.3539945390877026,alpha120,0.0284700744126495,0.44771188785553706
108,alpha161,2.2976599,1.3971074962904155,-0.2993352100857495,1.1318107200556895,-0.0094103366552381,0.6233721798853671,-0.015095855989224,-2.1029887384852493,0.0354795965864082,0.0120913955027083,-1.4145399731754178,alpha161,0.0094103366552381,0.43850528715893033
113,alpha135,0.41865826,0.3805359775865135,1.1144399971263566,0.6378780770812106,0.0196688635770019,0.6719772248739238,0.0292701342380945,4.077593395207515,4.568567400291149e-05,-0.0487881671155143,-1.5005186304973368,alpha135,0.0196688635770019,0.4313672498026551
15,alpha028,0.93329316,2.0950521210721997,-0.4561403279300617,0.8574016523061784,-0.0200425763195579,0.594167655645463,-0.0337321901135548,-4.699197977503708,2.6297687339920744e-06,0.0525395382789524,-1.3105559904729396,alpha028,0.0200425763195579,0.4301756891356122
45,alpha091,-0.6610611,1.8826341917907865,-0.4561403279300617,0.2551442519161298,0.0146119522643232,0.497440826092025,0.0293742521680761,4.092097960856662,4.292154742564324e-05,-0.0301200860215844,-1.0071557690298023,alpha091,0.0146119522643232,0.42107733306693057
136,alpha078,0.40485382,1.8978069010251728,-0.4561403279300617,0.6155067979652976,0.0089344443358996,0.6632231452075327,0.0134712493079593,1.876666391636786,0.0605788246698293,-0.0291308905580163,-1.4920557834408164,alpha078,0.0089344443358996,0.41930363573460305
36,alpha073,-0.3557619,1.609525425571828,1.683778803047126,0.9791807809919828,0.0074334490077612,0.4878532813859678,0.0152370585407219,2.1226595260084777,0.0337950186770257,-0.0085812636848092,-0.9916989258388788,alpha073,0.0074334490077612,0.41598366507910517
129,alpha153,1.0651836,1.1998622762433897,1.524951969428818,1.2633326283995248,-0.0122428219048991,0.6158615713339232,-0.0198791781704805,-2.7693486114801624,0.0056221838405292,0.0244351087147781,-1.3935429954829457,alpha153,0.0122428219048991,0.4147310402429253
68,alpha127,2.1041436,-0.241545101023337,1.6773023418221396,1.1799669534453854,-0.0185054186599137,0.6662222237385306,-0.0277766456904873,-3.869536985626214,0.0001093987523559,0.038318924589171,-1.502282873991486,alpha127,0.0185054186599137,0.41172470440198616
19,alpha036,0.22043565,2.519887979635024,-0.4561403279300617,0.7613944336205108,-0.0003309444019157,0.3898365200122614,-0.0008489312440643,-0.1182637703545912,0.9058598869851536,0.0037665071347734,-0.6786611295422054,alpha036,0.0003309444019157,0.4098122297294888
102,alpha187,1.9759531,0.0922545021331681,2.0291423605978,1.3657833216142616,-0.0009801293314412,0.5920413222062079,-0.0016555083145022,-0.2306272227525296,0.8176068480942635,-0.005799718394081,-1.3243731284665572,alpha187,0.0009801293314412,0.4050091539752098
112,alpha133,0.5285383,0.8205445453837248,-0.4561403279300617,0.2976475013798689,0.0157627436350124,0.614352191040584,0.0256575037330194,3.574321419514023,0.0003519892370322,-0.0336721388305779,-1.3740210014037886,alpha133,0.0157627436350124,0.40457269368983567
34,alpha064,1.3280431,1.6550435532749876,-0.4561403279300617,0.8423154428543348,-0.0001725662800898,0.4551510388320672,-0.0003791406925768,-0.0528177141700152,0.957877690990812,0.0063249022805186,-0.8516005154567825,alpha064,0.0001725662800898,0.40294129811736046
60,alpha114,0.094938934,0.2136361760082609,-0.3463903934509428,-0.0126050945311157,0.0208248272930709,0.5353725880474024,0.0388978213640386,5.418816948080086,6.070940629751191e-08,-0.0397330634692506,-1.2229795487856616,alpha114,0.0208248272930709,0.39973760812167053
85,alpha158,2.6448934,-0.5449992857110689,0.4694394887202295,0.8564445369436053,0.0036946668631127,0.618159445127736,0.0059768832980449,0.8326336894046652,0.4050615993376756,-0.0072536780077792,-1.383101664238905,alpha158,0.0036946668631127,0.39965418234567784
132,alpha058,0.4219307,1.0177897654307506,-0.4561403279300617,0.3278600460137438,0.0130734323135208,0.5354334102036752,0.024416541934781,3.401444261143645,0.0006716595765966,-0.0326713281182408,-1.1952916079900588,alpha058,0.0130734323135208,0.39950663888194754
42,alpha086,0.15347527,1.791597936384467,-0.4561403279300617,0.4963109593765533,0.0068185469121142,0.6183088178465573,0.0110277368125879,1.5362630873271583,0.1244901718027541,-0.0163635550436831,-1.4720775762604523,alpha086,0.0068185469121142,0.3951654471957568
4,alpha006,1.8173,0.8357172546181114,-0.4561403279300617,0.7322922962439372,-0.0016941352620964,0.591503932178648,-0.0028641149617662,-0.3989970171033046,0.6898997925143511,0.0016252826964198,-1.435758568306857,alpha006,0.0016941352620964,0.38406992807061663
106,alpha186,0.49979472,1.8371160640876267,-0.4561403279300617,0.6269234859203195,-0.0067474854658114,0.6103393171015986,-0.0110553019881697,-1.5401031646215118,0.1235515131720552,0.0170546258325156,-1.3544637387245464,alpha186,0.0067474854658114,0.3835693554562764
69,alpha129,2.6237817,-0.6360355411173886,-0.0663298052221139,0.6404721115737628,-0.0087533276083096,0.6328101933815045,-0.0138324693563089,-1.9269875986181235,0.0539957577119805,0.0161891194896888,-1.4416181609414007,alpha129,0.0087533276083096,0.3793240288054254
130,alpha022,0.27326974,0.4260541052896732,2.992407908054872,1.2305772520239415,-0.0104256296229948,0.6589853901374971,-0.0158207295321366,-2.203970153428463,0.0275381407458939,0.0189155950102376,-1.4758703943759124,alpha022,0.0104256296229948,0.37267791590369986
100,alpha184,-1.1248256,-0.8636261796331876,-0.4561403279300617,-0.8148640347908788,0.0263542991740573,0.5142231683403315,0.051250703578986,7.139684728245255,9.684986592767625e-13,-0.0723874538375444,-1.0199007577895205,alpha184,0.0263542991740573,0.3657302382548495
122,alpha065,0.04872647,-0.8029353426956412,0.8479829757014966,0.0312580340947303,0.0203030282405607,0.6591901666673445,0.030799956169259,4.290711372447336,1.7896377531024264e-05,-0.0305951107197945,-1.4796095687834208,alpha065,0.0203030282405607,0.36525295536300223
49,alpha098,0.52867925,0.8205445453837248,1.4179952760130043,0.9224063576891888,-0.0104551374063663,0.6398214154913332,-0.0163407118818266,-2.276408379282622,0.0228324201758721,0.031826800036294,-1.4378362798240722,alpha098,0.0104551374063663,0.361330559479167
126,alpha094,-0.3261894,0.4563995237584464,0.6739244143624052,0.2680448464517626,0.0125678728160496,0.4806586737045926,0.0261471882306523,3.6425388816220474,0.0002706651889799,-0.0261662388907945,-1.0376197827232496,alpha094,0.0125678728160496,0.36005110795801526
53,alpha104,0.33048713,1.336416659352869,-0.4561403279300617,0.4035878211650853,0.0032459488820558,0.4885303547797383,0.0066443136036435,0.9256127438815692,0.3546587782908177,0.0045383803771738,-1.0373705959799655,alpha104,0.0032459488820558,0.35980279061774406
107,alpha072,0.66111654,0.4867449422272196,-0.0879028411444241,0.3533195471715906,-0.0264897653756755,0.6552163485534698,-0.0404290360491726,-5.632128948495232,1.8046378282275e-08,0.0665765669563515,-1.4752839584156028,alpha072,0.0264897653756755,0.35797571215224183
13,alpha017,2.4627798,-0.8636261796331876,-0.4561403279300617,0.3810044175991562,-0.0019122261718385,0.5178133101603892,-0.0036928872516742,-0.5144524635310785,0.6069415459295008,0.0018679363122256,-1.126034378247778,alpha017,0.0019122261718385,0.35791527278221463
73,alpha140,0.9686708,0.9722716377275908,-0.4561403279300617,0.4949340317415409,0.0010142342391517,0.2904843825061703,0.0034915276009036,0.4864012501213763,0.6266881970889582,0.0201481325119481,-0.1022287895728775,alpha140,0.0010142342391517,0.3576587109262472
87,alpha162,2.2934048,-0.8636261796331876,-0.4561403279300617,0.3245461033393091,-0.0123933312159016,0.6244990872498557,-0.019845235115521,-2.76462003812993,0.0057042919983713,0.0200971426815279,-1.3946150014631418,alpha162,0.0123933312159016,0.3561369196796411
40,alpha080,0.8525618,0.7598537084461784,-0.4561403279300617,0.3854250507952586,0.0037050654580874,0.4474833293848316,0.0082797843289065,1.1534485499336071,0.248740529840606,0.0001539330082679,-0.9464237737921004,alpha080,0.0037050654580874,0.3531425644372157
27,alpha048,0.42710885,1.412280205524802,-0.4561403279300617,0.4610829105500483,-0.0033401136895925,0.5243252589552978,-0.0063703085680969,-0.8874413739073044,0.3748523148242273,0.0057472650440581,-1.1072729067185505,alpha048,0.0033401136895925,0.3515939625013018
63,alpha119,-0.12324132,0.8508899638524979,-0.4561403279300617,0.0905027718900059,0.0086820982079282,0.4129364459687044,0.0210252650079383,2.9290088330813995,0.003404403008341,-0.0267028672690738,-0.9865607113254992,alpha119,0.0086820982079282,0.34871722568598607
134,alpha128,0.894388,-0.4236176118359762,-0.446962208063649,0.0079360667129931,0.0123184692075861,0.5674830587050093,0.021707201684041,3.0240087556580115,0.002497751945728,-0.0349254265133577,-1.2767454743142896,alpha128,0.0123184692075861,0.34832375261636433
41,alpha085,0.71669996,0.6081266161023124,-0.4561403279300617,0.2895620820066153,0.0056619427947634,0.4944153611099413,0.0114517938561872,1.595338053847845,0.1106529442917293,-0.0090682066036837,-1.0386008907419086,alpha085,0.0056619427947634,0.34805886737221703
7,alpha010,-0.4328468,1.4274529147591886,-0.4561403279300617,0.1794885908117098,0.0042893082866719,0.430994268122897,0.0099521237378704,1.3864204957766677,0.1656344690126469,-0.0120064534019863,-1.1104554750321705,alpha010,0.0042893082866719,0.34408061305156346
76,alpha144,-0.3562575,1.6246981348062144,-0.4561403279300617,0.2707667695372799,0.000464384594851,0.3408121591535117,0.0013625822388626,0.189819981432899,0.8494521829676769,-0.0090499015362609,-0.4082508397701221,alpha144,0.000464384594851,0.34008899941140364
117,alpha110,0.7965778,-0.696726378054935,-0.4561403279300617,-0.1187629649146155,0.0130336197935997,0.6167710938537281,0.0211320211395814,2.9438809239896524,0.0032450871475336,-0.0364934276304696,-1.3930677261546316,alpha110,0.0130336197935997,0.3366922379435401
95,alpha174,1.4637319,0.0922545021331681,-0.4561403279300617,0.3666153530531554,-0.009726584444703,0.6072379833107797,-0.0160177470975577,-2.231416475230968,0.0256649300708319,0.0156415105214984,-1.375475802883417,alpha174,0.009726584444703,0.33656885943108217
133,alpha169,0.28197405,0.2743270129458073,0.2544742336222167,0.2702584313301444,0.0092444682985816,0.6604525735068294,0.0139971720444602,1.949932166890888,0.0511985849394689,-0.0231612289985387,-1.4824906712410844,alpha169,0.0092444682985816,0.3347183220764882
24,alpha042,-0.23195583,-0.8636261796331876,-0.4561403279300617,-0.5172407779485835,0.018606020491942,0.521304340627552,0.0356912825040818,4.972117197047888,6.679054572039958e-07,-0.0452757624757466,-1.1252234110733517,alpha042,0.018606020491942,0.3345949422119643
57,alpha109,0.30588168,0.2894997221801939,-0.4561403279300617,0.0464136911027356,0.0090168612626592,0.6012129337537826,0.0149977832418886,2.089326321240009,0.036691349783915,-0.0135969627890226,-1.3479178273522046,alpha109,0.0090168612626592,0.32686274017540234
124,alpha147,-0.16525668,-0.8636261796331876,0.7879933662622822,-0.0802964974763267,0.0160469302218631,0.669063989026303,0.0239841487287582,3.341207992096532,0.0008357210746003,-0.0372260401757626,-1.504036292682581,alpha147,0.0160469302218631,0.3243427876547696
82,alpha155,0.12346748,0.6081266161023124,-0.4561403279300617,0.0918179235995629,0.0052148167335313,0.3986379626551033,0.0130815858549907,1.8223827621441997,0.0684123103742827,-0.0199261674742094,-0.6895176013861462,alpha155,0.0052148167335313,0.3218029131119448
2,alpha004,-0.15661138,-0.5146538672422958,-0.4561403279300617,-0.3758018593778769,0.0164375156046676,0.6166265526697541,0.0266571647515007,3.7135832053756377,0.0002049174021017,-0.0289603061889242,-1.2928227569502986,alpha004,0.0164375156046676,0.3211403357179657
86,alpha160,1.4116156,-0.7574172149924813,-0.4561403279300617,0.0660193557333792,-0.0180887059877891,0.6115815735833683,-0.0295769309755427,-4.120332944678462,3.79894606550359e-05,0.0425651197619,-1.3941168574597236,alpha160,0.0180887059877891,0.31981926421736556
59,alpha113,-0.06727242,0.775026417680565,-0.4561403279300617,0.0838712241677359,0.0047092172136457,0.431606991976201,0.0109108918557683,1.5199855321811713,0.1285309035701937,0.0041297228934289,-0.8263832974382135,alpha113,0.0047092172136457,0.3184021741701917
51,alpha102,0.8077476,-0.8636261796331876,1.0346385907810205,0.3262533378702005,0.0047455083028352,0.4354569699121234,0.0108977663253224,1.518157027541618,0.1289911076702429,0.0082931464093469,-0.8525431437190547,alpha102,0.0047455083028352,0.3169130756170778
11,alpha015,0.73490304,0.5019176514616063,-0.017638994452786,0.4063938981856285,-0.0025440066261238,0.3394690682741614,-0.0074940749066106,-1.0439921489193476,0.2965020264929511,-0.0104700449785884,-0.6073416788538935,alpha015,0.0025440066261238,0.31381444072518716
77,alpha145,0.7261975,-0.8636261796331876,-0.4561403279300617,-0.1978563421359512,0.0079728316580799,0.4327921767947658,0.0184218479112221,2.566329377217332,0.0102855512548968,-0.0069112731393072,-0.8009039261930928,alpha145,0.0079728316580799,0.3101507234579711
88,alpha163,-1.4549352,-0.8636261796331876,-0.4561403279300617,-0.924900566875026,0.0198668055977584,0.5298944560731621,0.0374920050022479,5.222974063825346,1.7788969089513166e-07,-0.0348255105040655,-1.2187416345158693,alpha163,0.0198668055977584,0.30931896087749067
116,alpha137,-0.5038047,-0.3325813564296566,1.3103039066775573,0.1579726221875326,-0.0287203539454875,0.6273112493539412,-0.0457832598651246,-6.378020562479505,1.8344130725919578e-10,0.0549143368660935,-1.4219678091565882,alpha137,0.0287203539454875,0.30676636644143157
115,alpha134,0.49391845,-0.4084449026015896,-0.4561403279300617,-0.1235555939483505,0.008278467584076,0.5245615543675568,0.0157816895179385,2.1985315277375768,0.0279230113321401,-0.0262293321778828,-1.1172165715199325,alpha134,0.008278467584076,0.30622833311524944
104,alpha189,1.3648676,-0.6056901226486153,-0.4561403279300617,0.101012372479125,-0.0020567746464864,0.6250774101852198,-0.0032904318936705,-0.4583868064243245,0.6466797017891528,-0.0017868907062694,-1.3976687651358044,alpha189,0.0020567746464864,0.30523572572730145
93,alpha168,1.0508273,0.0467363744300083,-0.4561403279300617,0.213807770428571,-0.0064814056928319,0.4385934771180178,-0.014777706534582,-2.058667653232116,0.0395394045119706,0.0022932323074739,-0.853005191199828,alpha168,0.0064814056928319,0.3031683202897904
96,alpha176,-1.3633345,1.4577983332279618,-0.4561403279300617,-0.1205588437515097,0.0005668945964365,0.320951088660037,0.0017662959138206,0.2460609334276161,0.805637666410659,-0.0003319289460788,-0.4738662428312761,alpha176,0.0005668945964365,0.30173063301882985
72,alpha138,0.18024434,0.2894997221801939,-0.4561403279300617,0.0045345785809283,0.0038435266674102,0.3756981709434465,0.0102303576771705,1.4251809901421577,0.1541209726203752,0.0030349970343123,-0.7061516546725826,alpha138,0.0038435266674102,0.29863993805622485
114,alpha139,0.011098334,-0.8636261796331876,-0.4561403279300617,-0.4362227246429377,0.011784153886932,0.5072098964075465,0.0232332885663243,3.2366064069394644,0.0012116301554786,-0.0147420022745833,-1.0775435799274191,alpha139,0.011784153886932,0.29610175500280306
84,alpha157,0.6039991,0.2894997221801939,-0.4561403279300617,0.1457861575079684,-0.0006060863479507,0.5558740288906493,-0.0010903303922299,-0.1518928464688938,0.8792730294915505,0.0139034295499092,-1.224148582007522,alpha157,0.0006060863479507,0.29560948618978267
119,alpha068,-0.11692452,-0.241545101023337,-0.4561403279300617,-0.2715366486033563,0.0088711739712865,0.4958296778178995,0.0178915752085026,2.49245761247995,0.0126945210434541,-0.0278351282786275,-1.0892424482268264,alpha068,0.0088711739712865,0.28807882329614104
75,alpha142,-0.58959156,-0.8636261796331876,-0.4561403279300617,-0.6364526901037348,0.0138957810391657,0.5099827000069995,0.0272475537679513,3.795829714206089,0.0001475979151368,-0.0309229874717438,-1.0934528862592785,alpha142,0.0138957810391657,0.28807258846654926
80,alpha150,-0.5303781,0.6839901622742454,-0.4561403279300617,-0.1008427563040139,0.0026733074045559,0.3572793626435961,0.0074824008439095,1.0423658468129715,0.2972550796746107,0.0161485774049482,-0.5561958888603291,alpha150,0.0026733074045559,0.28339723638440106
121,alpha069,-0.12974693,-0.8636261796331876,-0.4561403279300617,-0.4831711454581075,0.0113684185337764,0.5741380293632015,0.019800845706712,2.7584361935768205,0.0058133015561239,-0.0250139775078671,-1.2907077474952549,alpha069,0.0113684185337764,0.28165539617874835
3,alpha005,0.1887736,-0.8636261796331876,-0.4561403279300617,-0.376997635105337,0.0072665898016308,0.452393081357007,0.0160625573225696,2.237658943272264,0.0252546064128626,-0.0067285956658102,-0.909898021219036,alpha005,0.0072665898016308,0.2769334244298907
52,alpha103,-0.019114306,0.5777811976335392,-0.4561403279300617,0.034175521168969,-0.0078112602709474,0.5749457345362214,-0.013586082653954,-1.8926637112721736,0.0584174726029164,0.0101319158468428,-1.2388183335762293,alpha103,0.0078112602709474,0.2767101792339126
8,alpha011,0.3384546,-0.7118990872893215,1.38112323986508,0.3358929189082077,-0.0011403153498053,0.4933672724001859,-0.002311291027185,-0.3219836626026316,0.747468539534627,0.0019472287020415,-1.0318233739460183,alpha011,0.0011403153498053,0.2729275400007203
28,alpha053,-0.34098566,-0.8636261796331876,1.26878708530427,0.0213917499621585,0.0067090945735278,0.5416053423239906,0.0123874231829759,1.7256796481925256,0.0844209800923469,-0.0268418664965959,-1.2025140715413951,alpha053,0.0067090945735278,0.2721714125339904
21,alpha038,-0.21537912,-0.1808542640857906,0.5239604523011877,0.0425756897653415,0.0045335076484397,0.5638202036236325,0.0080406974054907,1.1201415875578722,0.2626672935900689,-0.0101574768956056,-1.2207388787078348,alpha038,0.0045335076484397,0.26757783040539923
20,alpha037,-0.9663459,-0.165681554851404,-0.4561403279300617,-0.5293892630130318,0.0109237934117981,0.6189207784063091,0.0176497441884669,2.45876837272341,0.01395011998502,-0.0106718248905244,-1.434334656467576,alpha037,0.0109237934117981,0.26418177742966326
91,alpha166,0.3999163,-0.8181080519300277,-0.4561403279300617,-0.2914440295410707,0.0030957480754962,0.6667024294404645,0.0046433730233956,0.6468636944972108,0.5177278153250682,0.0027193721030184,-1.494601964642121,alpha166,0.0030957480754962,0.25802365820584594
94,alpha170,-0.6969527,-0.8636261796331876,-0.4561403279300617,-0.6722397360593928,0.0112562046013769,0.578993497199302,0.0194409862214779,2.708304525294849,0.0067687212559157,0.0025149704574769,-1.36052824034177,alpha170,0.0112562046013769,0.2578736043501676
131,alpha066,0.14130774,-0.8636261796331876,-0.4561403279300617,-0.3928195887198898,-0.020319979962574,0.659208474696695,-0.0308248160370258,-4.294174575990808,1.761958399395007e-05,0.0306142662857908,-1.4796546925428444,alpha066,0.020319979962574,0.2549070141568793
55,alpha107,-0.81865585,0.623299325336699,-0.4561403279300617,-0.2171656170321585,3.79603828348064e-05,0.422216922609876,8.990729836255614e-05,0.0125248966404459,0.9900069683725112,-0.0190203500133488,-0.7603651577034118,alpha107,3.79603828348064e-05,0.25098388607691424
110,alpha178,-0.20752704,-0.7725899242268679,-0.4561403279300617,-0.4787524311973904,-0.0236793044654871,0.504973785737706,-0.0468921459574273,-6.532498385137592,6.628660831789526e-11,0.0511536279228269,-1.0411624539348137,alpha178,0.0236793044654871,0.24741723156683437
74,alpha141,0.236562,-0.8636261796331876,-0.4561403279300617,-0.3610681696127706,0.0009296172175591,0.3197650681963303,0.00290718815161,0.4049975004966799,0.6854838123677929,0.0298857058663833,-0.5095384538200456,alpha141,0.0009296172175591,0.24130802472983362
135,alpha029,-0.45132655,-0.3325813564296566,0.4978075375976633,-0.0953667892950618,0.0030462221131654,0.5213785848070556,0.0058426299083471,0.8139309827254583,0.4156944771144533,0.0009077734626272,-1.0898473346613538,alpha029,0.0030462221131654,0.2410214191674011
54,alpha105,-0.83823526,-0.8636261796331876,-0.4561403279300617,-0.7193339222064469,0.0068197902171453,0.3981644271691653,0.0171280751161828,2.386095171216147,0.0170378717993913,-0.0279028287726041,-1.0330278014885153,alpha105,0.0068197902171453,0.23377163075251023
71,alpha131,-1.2640163,0.4108813960552867,-0.373982325987157,-0.4090390668564609,-0.0173590761040501,0.4836084488367948,-0.0358948983331521,-5.000482716420741,5.768561051959568e-07,0.0314135884166894,-1.0798694989937685,alpha131,0.0173590761040501,0.22915545021750672
92,alpha167,0.112175114,-0.7877626334612545,-0.4561403279300617,-0.3772426156461591,-0.0001060877444317,0.6233734752056915,-0.0001701832828172,-0.023708064484626,0.9810857170447044,-0.0110254668181844,-1.4032025191405588,alpha167,0.0001060877444317,0.22843434360475134
31,alpha060,-0.14826797,-0.7118990872893215,0.0337460186130181,-0.275473679388467,0.0013760413989395,0.4954622398080207,0.0027772881329416,0.3869012576215768,0.6988335525371014,-0.0042565380160508,-1.0672902431198696,alpha060,0.0013760413989395,0.22760228298239885
35,alpha070,-0.49345204,-0.013954462507538,-0.4561403279300617,-0.321182277592944,0.0003121706412247,0.3645120908474109,0.0008564068217846,0.1193051856788185,0.9050348102133404,0.0011120061265391,-0.5747168434154597,alpha070,0.0003121706412247,0.22520640634080988
127,alpha043,-0.47347242,-0.4539630303047494,-0.4561403279300617,-0.4611919248785734,0.0031694499326238,0.4848433038989599,0.0065370603391573,0.9106713978895722,0.362479849886692,-0.0026261408004847,-1.0251300625647275,alpha043,0.0031694499326238,0.22415563145621198
12,alpha016,-1.0432299,-0.8636261796331876,-0.4561403279300617,-0.7876654817055516,0.0044038843307189,0.3160050712211978,0.0139361191695443,1.9414269513872364,0.0522209680869976,0.0104365491061143,-0.4670279921067273,alpha016,0.0044038843307189,0.2132436472125132
48,alpha097,-0.7813587,-0.2263723917889504,0.249138078170581,-0.2528643441634799,0.0005402659757331,0.3798151616864619,0.0014224444683414,0.1981593293005686,0.8429224826347379,0.0009486652350428,-0.7039108597443189,alpha097,0.0005402659757331,0.21161728740362729
38,alpha076,-0.23890524,-0.31740864719527,-0.4561403279300617,-0.3374847370834413,-0.0040063694752418,0.4652586735574047,-0.008611058112273,-1.1995979724156771,0.230310160080498,0.0070365141649107,-0.975586995830248,alpha076,0.0040063694752418,0.21064980671687403
65,alpha121,-0.0720074,-0.8636261796331876,-0.4561403279300617,-0.463924636780307,-0.0028532997223163,0.5635579113704272,-0.0050630106768936,-0.7053230001623229,0.4806177158863767,0.0182673332101894,-1.3209282730863878,alpha121,0.0028532997223163,0.2105268522345459
128,alpha099,-0.69350916,-0.8636261796331876,-0.4561403279300617,-0.6710918896785233,0.0023453377267261,0.3095405238698644,0.007576835812658,1.055521488728153,0.2912000272422653,-0.0148788564097044,-0.4747286517601741,alpha099,0.0023453377267261,0.2057915354378514
44,alpha090,-0.6362151,-0.8636261796331876,-0.4561403279300617,-0.6519938661049657,0.0020344052637855,0.3041157986551108,0.0066895744081113,0.9319179817003792,0.3513905074953515,-0.0161024165173172,-0.4576372232066208,alpha090,0.0020344052637855,0.2055821271639206
50,alpha101,-0.4751627,-0.8636261796331876,-0.4561403279300617,-0.5983097407610072,0.00140760284021,0.3646493068962756,0.0038601549861452,0.5377543658647723,0.5907528072134717,-0.0022453940063126,-0.6700755744768259,alpha101,0.00140760284021,0.20538301216073432
22,alpha039,-1.1077769,-0.8636261796331876,-0.4561403279300617,-0.8091811292758438,0.0043511155431358,0.480854358786303,0.0090487181069091,1.2605679525653428,0.2074797071299438,-0.0073704051190032,-1.1774077106384326,alpha039,0.0043511155431358,0.1983088888999654
47,alpha093,-0.38313505,-0.7877626334612545,-0.4561403279300617,-0.542346003975506,-0.0128716592173144,0.5743504135289819,-0.022410812135099,-3.122028030345838,0.0017987365359928,0.0203425831921729,-1.298526663101716,alpha093,0.0128716592173144,0.19623304070057107
97,alpha179,-1.3088708,0.3046724314145804,-0.4561403279300617,-0.4867795629681324,-0.00943668485764,0.4400434587913461,-0.0214448929284382,-2.987466782852199,0.0028165149442573,0.0248896687145185,-0.8474928388168261,alpha179,0.00943668485764,0.195957174268479
17,alpha033,-0.4567705,-0.4084449026015896,-0.4561403279300617,-0.4404519133376938,-0.007434392392326,0.5645408909624251,-0.0131689174537063,-1.83454884061926,0.0665878648957108,0.0264686695515416,-1.2718475728532233,alpha033,0.007434392392326,0.19472251097072413
56,alpha108,-0.7758201,-0.7118990872893215,-0.4561403279300617,-0.6479531638949966,0.0016224612402472,0.4941693248455394,0.0032832091323239,0.457380610698585,0.6474026185177297,0.0072899487084977,-1.070927958113648,alpha108,0.0016224612402472,0.19278189277083937
123,alpha084,-1.3662701,-0.8636261796331876,-0.4561403279300617,-0.8953455242902888,0.0037858125847643,0.3826751542619,0.00989301903351,1.3781866779825511,0.1681615486230943,0.0060613365211985,-0.7288933352413736,alpha084,0.0037858125847643,0.19269876938718147
61,alpha115,-1.2899908,-0.8636261796331876,-0.4561403279300617,-0.8699190967669937,0.0037486046299483,0.4349293510936081,0.0086188817115299,1.200687870275288,0.2298869565807768,-0.0041457053025115,-0.8489300797549917,alpha115,0.0037486046299483,0.19088362945063397
39,alpha077,-1.0202702,-0.8636261796331876,-0.4561403279300617,-0.7800122453163915,0.0027707146184055,0.4471489960282771,0.0061964012958005,0.8632145241386638,0.3880301975622662,-0.0093400069058804,-0.895111763172745,alpha077,0.0027707146184055,0.19036791842846087
66,alpha123,-1.4601202,-0.8636261796331876,-0.4561403279300617,-0.926628902891363,0.0037316646994263,0.4177528393294429,0.0089327093633072,1.2444068894540712,0.2133648775966305,-0.0190996427873994,-0.7009775044698952,alpha123,0.0037316646994263,0.18806650559561724
118,alpha089,-0.5400611,-0.8332807611644143,-0.4561403279300617,-0.6098274017710144,-0.0018471077868819,0.6628751635600869,-0.002786509268143,-0.3881858448287103,0.6978827657570851,-0.0015972809797322,-1.4923535517507014,alpha089,0.0018471077868819,0.18736598651669117
79,alpha148,-0.4865436,-0.8636261796331876,-0.4561403279300617,-0.6021033677847041,-0.0028169475640937,0.4666893426322744,-0.0060360229102411,-0.8408723701747847,0.4004297991280449,0.010991537209229,-0.909655719407624,alpha148,0.0028169475640937,0.18395637346830587
6,alpha008,-1.3025072,-0.8636261796331876,-0.4561403279300617,-0.8740912232191218,0.003547187964252,0.6223747163905136,0.0056994409811891,0.793983475177421,0.4272147600915027,0.0104814305027749,-1.4506202679968028,alpha008,0.003547187964252,0.1821145283345993
5,alpha007,-1.247396,-0.8636261796331876,-0.4561403279300617,-0.8557208332807673,0.002453252828147,0.4247904860036952,0.0057752066229791,0.8045383116545421,0.4210960084995434,0.0036235124372676,-0.8478966107412416,alpha007,0.002453252828147,0.18174764595638454
23,alpha041,-0.5608395,-0.8484534703988009,-0.4561403279300617,-0.6218110908433551,-0.0051651795837086,0.5964632686385553,-0.0086596775615341,-1.2063710997123624,0.2276891406677076,0.0243687696627515,-1.3986454833572417,alpha041,0.0051651795837086,0.17932936305460592
43,alpha087,-0.6376956,-0.8636261796331876,-0.4561403279300617,-0.6524873726954911,-0.0014327681864779,0.3917040358104065,-0.0036577825487899,-0.5095620621595875,0.6103641025513338,0.0131832370623138,-0.6997323807667168,alpha087,0.0014327681864779,0.17924018460859303
33,alpha062,-0.99698204,-0.8636261796331876,-0.4561403279300617,-0.7722495151947789,0.0009634979382838,0.4187343690822732,0.0023009764887356,0.3205467544725282,0.7485573449780141,0.0104016413520816,-0.8532035622019669,alpha062,0.0009634979382838,0.1781209692208949
18,alpha035,-1.1699584,-0.8636261796331876,-0.3599212197814025,-0.7978352508190643,0.0016318934690708,0.4794148398689585,0.0034039277330608,0.4741977993400632,0.6353641978342877,-0.0007914048183045,-0.9828463379550744,alpha035,0.0016318934690708,0.1767450161673853
98,alpha180,-1.1372281,-0.8181080519300277,0.5081602045570576,-0.4823919928890736,-0.0005798848256435,0.3839505726799138,-0.0015103111361341,-0.2103999477185198,0.8333577424056764,-0.0142506269413615,-0.6140224798485829,alpha180,0.0005798848256435,0.17653048942650668
83,alpha156,-0.5055409,-0.8636261796331876,-0.4561403279300617,-0.6084358049820714,-0.0051265226402342,0.4412154821711598,-0.0116190905518712,-1.6186439907394476,0.1055401350587957,0.0182854540429501,-0.7528003428417924,alpha156,0.0051265226402342,0.1757030061890715
70,alpha130,-0.8620065,-0.8636261796331876,-0.4561403279300617,-0.7272576643418126,-0.0005891269113733,0.3998925015235919,-0.0014732131988691,-0.2052318708406597,0.8373931226234738,-0.0062748078539219,-0.9147040676638464,alpha130,0.0005891269113733,0.17312169406495442
0,alpha001,-0.9226307,-0.8636261796331876,-0.4561403279300617,-0.7474657449514521,-0.0001973999123253,0.3137739129083686,-0.0006291151182572,-0.0876414036971632,0.9301625976653376,-0.0167372089373704,-0.4078090849996036,alpha001,0.0001973999123253,0.17242668760492005
9,alpha012,-0.83385557,-0.8636261796331876,-0.4561403279300617,-0.7178740256419632,-0.0127317007760009,0.5270173917685286,-0.0241580277517536,-3.365430906483027,0.0007657233105352,0.0390854338156036,-1.1740876853922393,alpha012,0.0127317007760009,0.16714736806916178
105,alpha095,-1.1332916,-0.4084449026015896,-0.4561403279300617,-0.6659589442221187,-0.0020574166620898,0.373986052822692,-0.0055013192245039,-0.766383329584133,0.4434575711360762,-4.703828839897693e-07,-0.6995745093723471,alpha095,0.0020574166620898,0.1653689332198176
81,alpha154,-1.1027706,-0.8636261796331876,-0.4561403279300617,-0.8075123581678523,-0.0006559998796468,0.3146784638105137,-0.0020846672241347,-0.2904129251745765,0.7715034599219075,0.0071249034195114,-0.0364426202391499,alpha154,0.0006559998796468,0.16196041372174602
37,alpha074,-1.0846497,-0.8636261796331876,-0.4561403279300617,-0.801472063202744,-0.0010069389651689,0.3896050451019422,-0.0025845121304974,-0.3600458237541775,0.7188167840717031,0.0080667240461463,-0.6989297603816658,alpha074,0.0010069389651689,0.1615974265798491
62,alpha117,-0.9254925,-0.696726378054935,-0.4561403279300617,-0.6927864103619016,-0.0041295246050912,0.5073564643810868,-0.0081392963232049,-1.1338773050771604,0.2568600248767742,0.0192270105031675,-1.043741648561782,alpha117,0.0041295246050912,0.1615852430681673
14,alpha025,-0.8821454,-0.8636261796331876,-0.4561403279300617,-0.733970637459641,-0.0084191604204063,0.4912575205534269,-0.017137977675989,-2.387474687009715,0.0169740825883479,0.016635907196125,-1.0528398079715815,alpha025,0.0084191604204063,0.1546184406530557
101,alpha185,-1.1257591,-0.8636261796331876,-0.4561403279300617,-0.8151752107730362,-0.0110174621146464,0.5683854257223081,-0.0193837871557761,-2.7003361801338603,0.0069329517263781,0.0248683618432367,-1.3031638092518274,alpha185,0.0110174621146464,0.15257527067866603
32,alpha061,-1.5106664,-0.8636261796331876,-0.4561403279300617,-0.9434776259850316,-0.0014168425438408,0.4879576474982373,-0.0029036178674624,-0.4045001277500886,0.6858494419746441,0.0191218948875315,-1.1203570651762105,alpha061,0.0014168425438408,0.1493220733901387
16,alpha032,-0.78291434,-0.8636261796331876,-0.2442993853933643,-0.6302799685075383,-0.0051657015235211,0.3017563593115476,-0.0171187826341312,-2.3848006447499976,0.0170979223035199,0.0160082177265251,-0.4193436447465259,alpha032,0.0051657015235211,0.1487925381594173
26,alpha045,-1.1946609,-0.8636261796331876,-0.4561403279300617,-0.8381424698621882,-0.0129010442474961,0.4835483132581316,-0.026679948815392,-3.716757230738273,0.000202363021576,0.0292287386836362,-1.0996264031990532,alpha045,0.0129010442474961,0.14869440581863702
46,alpha092,-0.99201727,-0.8029353426956412,-0.4561403279300617,-0.750364313253408,-0.0056038377026769,0.4317963294515107,-0.0129779651202575,-1.8079474602724213,0.0706301535309563,0.0084691594881876,-0.7964489167907698,alpha092,0.0056038377026769,0.1483909333278072
30,alpha056,-1.029928,-0.8636261796331876,-0.4561403279300617,-0.7832314921807103,-0.0070219197390224,0.451156083389955,-0.0155642802957687,-2.1682444644407206,0.0301522022476435,0.0298636062900938,-0.8628995183096082,alpha056,0.0070219197390224,0.1448855421249563
67,alpha125,-1.7428257,-0.8636261796331876,-0.4561403279300617,-1.0208640846998347,-0.006289964635975,0.4787146161833719,-0.0131392784413452,-1.830419859178264,0.067202508602744,0.031420594006251,-1.064401175122509,alpha125,0.006289964635975,0.12894389845354945
